query_id,batch,purpose,normalized_query,raw_query_status,result_count
Q001,1,NMOSD,"neuromyelitis optica historically considered multiple sclerosis AQP4 separate disease review",RECONSTRUCTED_FROM_RUN_CONTEXT,
Q002,1,GIST,"GIST history formerly smooth muscle tumor KIT imatinib reclassification",RECONSTRUCTED_FROM_RUN_CONTEXT,
Q003,1,CML,"CML Philadelphia chromosome BCR ABL disease classification history",RECONSTRUCTED_FROM_RUN_CONTEXT,
Q004,1,Burkitt,"Burkitt lymphoma discovery Africa history EBV MYC classification",RECONSTRUCTED_FROM_RUN_CONTEXT,
Q005,1,Narcolepsy,"narcolepsy type 1 type 2 classification hypocretin diagnostic stability review",RECONSTRUCTED_FROM_RUN_CONTEXT,
Q006,1,Autism,"DSM autism Asperger PDD NOS merged DSM-5 reliability validity",RECONSTRUCTED_FROM_RUN_CONTEXT,
Q007,1,Heart failure,"heart failure preserved reduced ejection fraction arbitrary cutoff heterogeneity classification",RECONSTRUCTED_FROM_RUN_CONTEXT,
Q008,1,NSCLC,"non small cell lung cancer molecular subtypes EGFR ALK targeted therapy classification",RECONSTRUCTED_FROM_RUN_CONTEXT,
Q009,2,GIST,"gastrointestinal stromal tumor smooth muscle reclassified KIT PDGFRA historical review",RECONSTRUCTED_FROM_RUN_CONTEXT,
Q010,2,CML,"Philadelphia chromosome BCR ABL historical discovery targeted therapy review",RECONSTRUCTED_FROM_RUN_CONTEXT,
Q011,2,Narcolepsy,"narcolepsy type 2 diagnostic instability MSLT repeat classification",RECONSTRUCTED_FROM_RUN_CONTEXT,
Q012,2,MODY,"MODY monogenic diabetes misdiagnosed type 1 type 2 genetic diagnosis treatment",RECONSTRUCTED_FROM_RUN_CONTEXT,
Q013,2,pRCC,"papillary renal cell carcinoma type 1 type 2 WHO 2022 classification removed",RECONSTRUCTED_FROM_RUN_CONTEXT,
Q014,2,Sepsis,"Sepsis-3 severe sepsis removed redundant SIRS definition history",RECONSTRUCTED_FROM_RUN_CONTEXT,
Q015,2,Psychosis,"bipolar schizophrenia Kraepelin dichotomy genetics continuum review",RECONSTRUCTED_FROM_RUN_CONTEXT,
Q016,2,Depression historical control,"reactive endogenous depression historical subtype validity reclassification",RECONSTRUCTED_FROM_RUN_CONTEXT,
Q017,3,GIST,"KIT mutation GIST imatinib historical classification primary source",RECONSTRUCTED_FROM_RUN_CONTEXT,
Q018,3,CML,"BCR ABL CML causal lesion history primary source",RECONSTRUCTED_FROM_RUN_CONTEXT,
Q019,3,Burkitt,"Burkitt lymphoma endemic sporadic immunodeficiency WHO classification EBV status",RECONSTRUCTED_FROM_RUN_CONTEXT,
Q020,3,NMOSD,"AQP4 antibody NMO distinct from multiple sclerosis historical criteria",RECONSTRUCTED_FROM_RUN_CONTEXT,
Q021,3,MOGAD,"MOGAD distinct disease MS NMOSD cell based assay diagnostic criteria",RECONSTRUCTED_FROM_RUN_CONTEXT,
Q022,3,Leprosy,"Ridley Jopling leprosy spectrum immunological classification history",RECONSTRUCTED_FROM_RUN_CONTEXT,
Q023,4,GIST authoritative,"NCI gastrointestinal stromal tumor KIT PDGFRA classification",RECONSTRUCTED_FROM_RUN_CONTEXT,
Q024,4,CML authoritative,"NCI chronic myeloid leukemia Philadelphia chromosome BCR ABL history",RECONSTRUCTED_FROM_RUN_CONTEXT,
Q025,4,GIST primary/review,"NEJM GIST imatinib KIT history classification",RECONSTRUCTED_FROM_RUN_CONTEXT,
Q026,4,CML specialty history,"ASH CML Philadelphia chromosome BCR ABL historical review",RECONSTRUCTED_FROM_RUN_CONTEXT,
Q027,5,Leprosy,"Ridley Jopling classification tuberculoid lepromatous spectrum clinicopathologic concordance",RECONSTRUCTED_FROM_RUN_CONTEXT,
Q028,5,MOGAD,"MOG antibody associated disease distinct from MS AQP4 NMOSD review",RECONSTRUCTED_FROM_RUN_CONTEXT,
Q029,5,Prion,"human prion disease sporadic genetic acquired classification molecular subtypes",RECONSTRUCTED_FROM_RUN_CONTEXT,
Q030,5,AAV,"ANCA vasculitis PR3 MPO genetics classification GPA MPA",RECONSTRUCTED_FROM_RUN_CONTEXT,
Q031,5,RA,"seropositive seronegative rheumatoid arthritis distinct diseases heterogeneity review",RECONSTRUCTED_FROM_RUN_CONTEXT,
Q032,5,Autism,"autism DSM subtypes merger reliability outcome prediction review",RECONSTRUCTED_FROM_RUN_CONTEXT,
Q033,5,Narcolepsy,"narcolepsy type 1 type 2 hypocretin biomarker residual category review",RECONSTRUCTED_FROM_RUN_CONTEXT,
Q034,6,Narcolepsy 2026,"narcolepsy type 2 repeat MSLT diagnostic stability 2026",RECONSTRUCTED_FROM_RUN_CONTEXT,
Q035,6,Narcolepsy measurement,"multiple sleep latency test repeatability narcolepsy type 2 instability",RECONSTRUCTED_FROM_RUN_CONTEXT,
Q036,6,Narcolepsy biology,"narcolepsy type 1 hypocretin orexin deficiency autoimmune biology review",RECONSTRUCTED_FROM_RUN_CONTEXT,
Q037,6,MODY,"MODY genetic diagnosis changes treatment sulfonylurea monogenic diabetes review",RECONSTRUCTED_FROM_RUN_CONTEXT,
Q038,6,MOGAD criteria,"2023 international diagnostic criteria MOGAD live cell based assay",RECONSTRUCTED_FROM_RUN_CONTEXT,
Q039,7,Prion,"sporadic genetic acquired prion disease etiologic classification review",RECONSTRUCTED_FROM_RUN_CONTEXT,
Q040,7,Burkitt,"WHO Burkitt lymphoma EBV positive negative endemic sporadic classification 2022",RECONSTRUCTED_FROM_RUN_CONTEXT,
Q041,7,NSCLC,"EGFR ALK ROS1 KRAS driver defined NSCLC targeted treatment guideline review",RECONSTRUCTED_FROM_RUN_CONTEXT,
Q042,8,Ovarian cancer,"low grade high grade serous ovarian carcinoma distinct disease molecular pathogenesis",RECONSTRUCTED_FROM_RUN_CONTEXT,
Q043,8,Ovarian WHO,"WHO ovarian low grade high grade serous carcinoma classification molecular",RECONSTRUCTED_FROM_RUN_CONTEXT,
Q044,9,Parkinsonism,"Parkinson disease atypical parkinsonism historical classification biomarker distinction",RECONSTRUCTED_FROM_RUN_CONTEXT,
Q045,9,AAV,"PR3 MPO ANCA classification stronger genetics than GPA MPA",RECONSTRUCTED_FROM_RUN_CONTEXT,
Q046,9,Axial SpA,"non radiographic radiographic axial spondyloarthritis continuum progression classification",RECONSTRUCTED_FROM_RUN_CONTEXT,
Q047,9,COPD,"COPD chronic bronchitis emphysema phenotypes endotypes historical classification",RECONSTRUCTED_FROM_RUN_CONTEXT,
Q048,9,IBS,"IBS C D M U subtype stability changes over time Rome classification",RECONSTRUCTED_FROM_RUN_CONTEXT,
Q049,10,Type 5 diabetes,"IDF type 5 diabetes 2025 malnutrition related diabetes recognition",RECONSTRUCTED_FROM_RUN_CONTEXT,
Q050,10,Type 5 diabetes evidence,"malnutrition related type 5 diabetes distinct physiology undernutrition low income countries",RECONSTRUCTED_FROM_RUN_CONTEXT,
Q051,11,Type 5 history,"malnutrition related diabetes WHO 1985 removed 1999 classification history",RECONSTRUCTED_FROM_RUN_CONTEXT,
Q052,11,Type 5 origin,"malnutrition diabetes 1955 Jamaica historical description type 5",RECONSTRUCTED_FROM_RUN_CONTEXT,
