case_id,unified_entity,later_classification,division_class,status,scientific_basis,context_attribution,key_source
HIST001,"Diabetes mellitus","Type 1 vs Type 2 diabetes",DISTINCT_DISEASE,ACCEPTED,"Clinical heterogeneity followed by reproducible differences in beta-cell failure/autoimmunity versus insulin resistance, natural history and treatment logic.",SCIENCE_MAJOR_CONTEXT_ENABLED,"NDDG 1979 Diabetes 28:1039-1057 doi:10.2337/diab.28.12.1039"
HIST002,"Chronic nonspecific inflammatory intestinal disease","Crohn disease vs ulcerative colitis",DISTINCT_DISEASE,ACCEPTED,"Reproducible clinical, anatomic and pathological differences; later natural-history and therapeutic distinctions.",SCIENCE_MAJOR_TECH_INSTITUTION_ENABLED,"Crohn et al JAMA 1932 doi:10.1001/jama.1932.02740680019005"
HIST003,"Epidemic/viral hepatitis","Hepatitis A, B, non-A/non-B/C and later viral entities",DISTINCT_DISEASE,ACCEPTED,"Different transmission/incubation and lack of cross-immunity preceded distinct viral agents, serology, epidemiology and treatment/prevention.",CONTEXT_MAJOR_FOR_TIMING_SCIENCE_VALIDATED,"Dooley Mil Med 2005 doi:10.7205/MILMED.170.4S.71; PMCID:PMC6496330"
HIST004,"Acute leukemia/AML","Acute promyelocytic leukemia",BIOLOGICAL_SUBTYPE,ACCEPTED,"Distinct morphology/coagulopathy, t(15;17), PML::RARA and extraordinary ATRA/arsenic response.",CONTEXT_MAJOR_SUPPRESSIVE_SCIENCE_VALIDATED,"PMCID:PMC3248344; PMID:23645104"
HIST005,"Breast cancer","HER2-positive and other molecular subtypes",BIOLOGICAL_SUBTYPE,ACCEPTED,"HER2 amplification/overexpression, aggressive biology and strong treatment-by-biomarker benefit with HER2-directed therapy.",MIXED_SCIENCE_TRANSLATIONAL_CONTEXT,"NCI HER2 history; trastuzumab/companion diagnostic history PMID:34367962"
HIST006,"Asthma","T2-high/T2-low and other mechanistic endotypes",MECHANISTIC_ENDOTYPE,ACCEPTED_WITH_BOUNDARY_LIMITS,"Inflammatory pathways and biomarkers predict biologic-treatment relevance, but thresholds and endotype stability can vary.",MIXED_SCIENCE_TECH_COMMERCIAL,"PMCID:PMC6411459"
HIST007,"Multiple sclerosis","Relapsing/remitting and progressive phenotypes/states",DISEASE_STAGE_PHENOTYPE,ACCEPTED_OPERATIONAL,"Longitudinal course patterns useful for prognosis/trials/treatment; original classifications were clinical and lacked objective biological separators.",OPERATIONAL_CONTEXT_MAJOR,"Lublin et al Neurology 2014 doi:10.1212/WNL.0000000000000560"
HIST008,"Schizophrenia","Paranoid/disorganized/catatonic/undifferentiated/residual subtypes",FAILED_SYMPTOM_SUBTYPES,FAILED_OR_ABANDONED,"Predominant-symptom subtypes lacked longitudinal stability, reliability, validity, outcome prediction and distinctive treatment response.",CONTEXT_INERTIA_MAJOR,"PMCID:PMC4100404; PMCID:PMC3686462"
HIST009,"Chronic granulocytic/myeloid leukemia phenotype","BCR::ABL1-positive chronic myeloid leukemia",DISTINCT_MOLECULAR_DISEASE,ACCEPTED,"Philadelphia chromosome, t(9;22), BCR::ABL1 causal oncogene and target-specific TKI response.",SCIENCE_MAJOR_TECH_ENABLED,"PMCID:PMC7827482; JCI CML historical reviews"
HIST010,"Gastrointestinal smooth-muscle/mesenchymal tumors","Gastrointestinal stromal tumor",DISTINCT_MOLECULAR_DISEASE,ACCEPTED,"KIT/PDGFRA pathway, interstitial-cell-of-Cajal phenotype and selective imatinib response separated GIST from prior smooth-muscle categories.",SCIENCE_MAJOR_TRANSLATIONAL_CONTEXT,"Hirota et al Science 1998 doi:10.1126/science.279.5350.577; FDA imatinib GIST approval 2002"
HIST011,"Peptic ulcer disease","H. pylori-associated ulcers vs other etiologies",ETIOLOGIC_RECLASSIFICATION,ACCEPTED,"Culture, pathology, epidemiology, human evidence and eradication trials established bacterial causality for most ulcers.",SCIENCE_MAJOR_DOGMA_BARRIER,"Nobel Prize Physiology or Medicine 2005 press release"
HIST012,"AIDS-causing retroviral infection","HIV-1 vs HIV-2 infection",DISTINCT_DISEASE_AGENT,ACCEPTED,"Distinct viral genome/serology with reproducible geographic, transmission and progression differences.",SCIENCE_MAJOR_GLOBAL_HEALTH_CONTEXT,"PMID:3472076; HIV-2 natural-history reviews"
HIST013,"Epilepsy with persistent seizures despite treatment","Drug-resistant epilepsy",TREATMENT_RESPONSE_STATE,ACCEPTED_OPERATIONAL,"Failure of two adequate tolerated appropriately chosen/used drug schedules operationalized a clinically predictive resistance state.",OPERATIONAL_CONTEXT_MAJOR,"Kwan et al Epilepsia 2010 doi:10.1111/j.1528-1167.2009.02397.x"
HIST014,"Tuberculosis","Drug-susceptible vs MDR/RR-TB vs XDR-TB",TREATMENT_RESPONSE_STATE_WITH_OBJECTIVE_CAUSE,ACCEPTED,"Objective pathogen drug susceptibility/resistance markers define states requiring different regimens; resistance may be acquired or transmitted.",MIXED_INTRINSIC_RESISTANCE_AND_SYSTEM_CONTEXT,"WHO MDR/RR-TB definitions and surveillance"
HIST015,"Androgen-responsive prostate cancer","Castration-resistant prostate cancer",DISEASE_STAGE_TREATMENT_STATE,ACCEPTED,"Longitudinal progression despite castrate testosterone plus persistent androgen-receptor biology define a treatment-emergent state.",SCIENCE_TREATMENT_COEVOLUTION,"PMCID:PMC2883184; PMCID:PMC6357221"
HIST016,"Bronchogenic/lung carcinoma","Small-cell lung cancer vs non-small-cell lung cancer",DISTINCT_CLINICOPATHOLOGICAL_GROUP,ACCEPTED,"Reproducible pathology, dissemination pattern, biology and major differences in chemo/radiosensitivity and treatment strategy.",SCIENCE_MAJOR_TREATMENT_ENABLED,"PMID:21550554; PMID:8395998; NCI SCLC PDQ"
HIST017,"Primary/essential hypertension population","Primary aldosteronism as a secondary endocrine cause",DISTINCT_ETIOLOGIC_DISEASE,ACCEPTED,"Autonomous aldosterone biology, biochemical testing/localization and potential surgical cure establish a causal subgroup.",SCIENCE_MAJOR_TECH_ENABLED,"PMID:15555236; PMID:4299095"
HIST018,"Presenile/senile degenerative dementia","Presenile Alzheimer disease vs senile dementia",FAILED_AGE_SPLIT,MERGED_AFTER_FAILURE,"Age-based/anecdotal distinction failed large clinicopathological comparison; pathologies were not qualitatively different.",CONTEXT_AUTHORITY_MAJOR,"Amaducci et al Neurology 1986 PMID:3531918"
HIST019,"Pervasive developmental disorders","Autistic disorder/Asperger/PDD-NOS etc then merged into ASD",CONTESTED_MERGED_SUBTYPES,MERGED_WITH_CONTINUING_DEBATE,"Limited subtype reliability, overlapping symptoms and poor outcome prediction supported merger, while some subgroup differences remain debated.",MIXED_SCIENCE_NOSOLOGY_POLICY,"PMCID:PMC3671160; PMID:24531932"
HIST020,"Essential hypertension","Low-renin hypertension proposed as distinct entity",FAILED_OR_PARTIAL_PHYSIOLOGIC_SPLIT,NOT_VALIDATED_AS_SINGLE_DISTINCT_ENTITY,"Renin phenotype was assay/population/context dependent; basal distributions did not consistently reveal a separate disease and low-renin states have multiple causes.",MEASUREMENT_CONTEXT_MAJOR,"Thurston & Swales Lancet 1976 PMID:62162; PMID:29758100"
HIST021,"Small-cell lung cancer","Oat-cell/intermediate/other SCLC subtypes",FAILED_OVER_SUBTYPING,SIMPLIFIED_AFTER_POOR_REPRODUCIBILITY,"Different pathology criteria yielded contradictory clinical implications; poor reproducibility and unclear utility led to simplification.",SCIENCE_REPRODUCIBILITY_DOMINANT,"Hirsch et al Cancer 1988 PMID:2842029; PMCID:PMC4758976"
