record_id,study_family_id,branch,year,domain,design,finding,source_id,confidence
UM001,PGC_CROSS14_2025,ROOT,2025,cross_disorder_genetics,Genomic SEM / functional genomics,Five latent genomic factors across 14 disorders explain ~66% of genetic variance on average; extensive pleiotropy and limited disorder-specific signal in key factors.,Nature 2025 doi:10.1038/s41586-025-09820-3,HIGH
UM002,HITOP_NEUROBIOLOGY_2024,ROOT,2024,dimensional_neuroscience,Systematic review 164 neuroimaging studies,"Replicated neurobiological findings exist for p, externalizing, thought disorder, internalizing, distress, and depression dimensions, with important maturity limitations.",PMID:39480338,HIGH
UM003,P_FACTOR_2024,ROOT,2024,general_psychopathology,Longitudinal/model-comparison review,"p is reproducible across statistical representations, but its substantive meaning requires criterion validation and should not be treated as disease ontology.",PMID:38236494,HIGH
UM004,PGS_SPECIFICITY_2025,ROOT,2025,genetic_specificity,PGS decomposition,"General psychiatric genetic liability often predicts symptoms as well as disorder-specific PGS, but residual disorder-specific signal remains.",PMID:41505135,HIGH
UMA01,SCZ_BIP_DECOMP_2026,A,2026,genetics,Genomic SEM / mtCOJO,"Shared psychosis, schizophrenia-predominant and bipolar-predominant components can be separated.",PMID:42465921,MODERATE_PREPRINT
UMA02,SCHIZOAFF_RELIABILITY,A,2016,diagnostic_boundary,Systematic review/meta-analysis,"Schizoaffective disorder has lower interrater reliability than schizophrenia, bipolar disorder and unipolar depression.",PMID:27461400,HIGH
UMA03,BSNIP_DIMENSIONS,A,2019,dimensions,Transdiagnostic factor analysis,"General plus positive, negative, disorganized, manic and depressive psychosis dimensions cut across diagnoses and predict biotypes.",PMID:30600629,HIGH
UMA04,PSYCHOSIS_SUBTYPE_2026,A,2026,biotypes,Transdiagnostic neuroimaging clustering,Two cortical/subcortical psychosis subtypes span schizophrenia-spectrum and psychotic bipolar disorder.,PMID:42493610,MODERATE
UMA05,SCZ_BIP_ENV_2026,A,2026,context,Swedish register case-control,Family genetic risk and environmental exposures independently contribute to schizophrenia and bipolar risk with partially different weights.,PMID:42399416,HIGH
UMB01,INTERNALIZING_MULTIANCESTRY_2026,B,2026,genetics,Multivariate multi-ancestry GWAS,"GAD, MDD and PTSD share a strong internalizing factor; 38% of MDD genetic signals were disorder-specific.",PMID:41959808,MODERATE_PREPRINT
UMB02,ANXIETY_GWAS_2026,B,2026,genetics,GWAS meta-analysis with replication,Major anxiety disorders share substantial genetic liability; threat-response biology is broad rather than disorder-exclusive.,PMID:41634414,HIGH
UMB03,FEAR_GAD_2026,B,2026,genetics,GWAS fear vs GAD,Fear and GAD show high genetic correlation with partial fear-distress differentiation.,PMID:42374129,HIGH
UMB04,TD_CBT_META_2024,B,2024,clinical_utility,Systematic review/meta-analysis RCTs,Transdiagnostic CBT is effective for depression/anxiety and often comparable to disorder-specific CBT.,PMID:38228727,HIGH
UMC01,ASD_ADHD_SHARED_DISTINCT,C,2022,genetics,Cross-disorder genetics,ASD and ADHD have shared loci plus differentiating loci with opposite effect directions.,PMID:36163277,HIGH
UMC02,ASD_UNIQUE_2024,C,2024,genetics,Genomic SEM,ASD-specific genetic pathways remain after removing shared ADHD liability.,PMID:39407327,HIGH
UMC03,ASD_ADHD_BOUNDARY_DRIFT_2026,C,2026,ascertainment,Population genetic cohort,"Genetic contribution among diagnosed ASD/ADHD cases changed by diagnosis year, consistent with boundary broadening.",PMID:42268594,HIGH
UMC04,ADHD_RARE_COMMON_2025,C,2025,etiology,Genome sequencing + polygenic scores,Rare pathogenic variants and common polygenic liability contribute partly independently to pediatric ADHD.,PMID:41076565,MODERATE
UMC05,TS_CROSS_ENDOPHENOTYPES,C,2016,cross_cutting,Discovery + independent replication,Tourette/OCD/ADHD symptoms form heritable cross-disorder symmetry and disinhibition phenotypes.,PMID:27809572,HIGH
UMD01,OCD_GWAS_2025,D,2025,genetics,Large GWAS meta-analysis,"OCD has robust own loci but shares genetic risk with anxiety, depression, anorexia and Tourette.",PMID:40360802,HIGH
UMD02,OCRD_HIERARCHY_2026,D,2026,dimensions,Clinical + community factor analysis,OCRDs fit separable compulsivity and grooming dimensions.,PMID:41997371,HIGH
UMD03,OCD_AN_BRAIN_2026,D,2026,molecular,Postmortem transcriptomics with replication/meta-analysis,Eating disorders and OCD show correlated cortical/striatal transcriptomic effects despite disorder-specific differences.,PMID:42295976,MODERATE_HIGH
UMD04,AN_METABOLIC_2026,D,2026,genetics_metabolic,Polygenic/metabolomic analyses,Anorexia has strong metabolic genetic architecture that is not reducible to compulsivity.,PMID:41404279,MODERATE_HIGH
UMD05,OCS_CONTINUUM_2024,D,2024,dimension,Population GWAS,"Obsessive-compulsive symptoms genetically correlate strongly with OCD, supporting an OCS continuum.",PMID:38548983,HIGH
UME01,EXT_GWAS_2026,E,2026,genetics,Multi-ancestry multivariate GWAS >4M,Large replicated externalizing factor with broad neural architecture supports disinhibition as a transdiagnostic liability.,PMID:41728329,HIGH
UME02,SUD_EXT_INT_2026,E,2026,genetics,Genomic SEM / local correlations,SUDs share strong externalizing liability but also internalizing and substance-specific genetic effects.,PMID:41646823,MODERATE_PREPRINT
UME03,SUD_SPECIFIC_2026,E,2026,genetics,Multivariate genetics 2.2M,Addiction risk contains broad externalizing and substance-specific pathways.,PMID:41987933,HIGH
UME04,BPD_GWAS_2025,E,2025,genetics,Large GWAS + replication,"BPD has heritable disorder signal but strongest correlations span PTSD, depression, ADHD, antisocial behavior, and self-harm.",PMID:40832388,MODERATE_PREPRINT
UME05,HITOP_EXTERNALIZING,E,2021,dimensions,Validity/utility review,Disinhibited and antagonistic externalizing spectra are supported across SUD and personality pathology.,PMID:34002506,HIGH
UMF01,AUTOIMMUNE_PSYCHOSIS_TESTING_2025,F,2025,immune_etiology,Prospective early/persistent psychosis cohort,Confirmed autoimmune psychosis was rare (~0.3%) in broad psychiatric services; targeted high-risk testing identified immunotherapy-responsive cases.,PMID:41341526,HIGH
UMF02,AE_FEP_2026,F,2026,immune_etiology,Prospective tertiary FEP cohort,"Autoimmune encephalitis was confirmed in a selected tertiary FEP cohort, showing context-dependent yield.",PMID:41308242,MODERATE_HIGH
UMF03,AUTOIMMUNE_TEST_UTILITY_2024,F,2024,testing,Clinical laboratory review,Phenotype-guided serum/CSF testing and confirmatory methods are required; positive serum alone can mislead.,PMID:38462203,HIGH
UMF04,SUBSTANCE_PSYCHOSIS_TRANSITION_2023,F,2023,toxic_exposure,Population registry,Substance-induced psychosis has substantial but incomplete transition to schizophrenia-spectrum illness.,PMID:37132221,HIGH
UMF05,MEDICAL_FEP_REVIEW,F,2019,medical_differential,Clinical review,"Medical causes of FEP include neurologic, infectious, autoimmune, metabolic and drug-related diseases; workup should be guided by history/exam/routine tests/red flags.",PMID:31421899,MODERATE
